source_id,user_id
1219247983,17797702
1219247983,170764085
1219247983,289265020
1219247983,562522878
1219247983,161471318
1219247983,46441560
1219247983,1051518602
1219247983,396024092
1219247983,30214391
1219247983,354464050
974171288,725757744255516672
974171288,3068672885
974171288,927437345569116160
974171288,2973744243
974171288,2940078123
974171288,1352628278
974171288,766271758613749760
974171288,1081139921753116672
974171288,3024414176
974171288,885035118506774531
974171288,994970649528586240
974171288,7077692
974171288,1219501081
974171288,351294524
974171288,1004785054327898112
974171288,934113793877082112
974171288,282905094
974171288,1102335707614507011
974171288,931507070498758656
974171288,838076241236353024
974171288,786477512876363776
974171288,44294220
974171288,4689496640
974171288,1437558583
974171288,2368946468
974171288,2411427924
974171288,1864065403
974171288,707572465
974171288,1322720316
974171288,2394459486
974171288,866528294
974171288,2369374310
974171288,310703065
974171288,1122887192
974171288,945884478
974171288,59196112
974171288,430863193
974171288,531883217
974171288,1527786986
974171288,2272932991
974171288,430045559
974171288,454473267
974171288,816096337
974171288,43911747
974171288,371314641
974171288,793470512
974171288,717886708
974171288,2184476181
974171288,317036002
974171288,798163356
974190704,1389644230910431241
974190704,1309579224588718080
974190704,1350843883949797376
974190704,428118967
974190704,964962486775697408
974190704,899923418086334464
974190704,29679737
974190704,1005171838618566656
974190704,455897742
974190704,896009469263572992
974190704,868567694341283840
974190704,1223552212837851137
974190704,1324668523621371904
974190704,1356944690415882241
974190704,1067920592
974190704,1305651501348589568
974190704,294563959
974190704,914580905741754371
974190704,4469667022
974190704,1091888463534874624
974190704,1520319049
974190704,827747210
974190704,1272555776666673157
974190704,575758666
974190704,890153755739553792
974190704,723426229848674305
974190704,1032245685763166209
974190704,1016280316699398144
974190704,1308828267475021825
974190704,1318248812155183104
974190704,969926737361604608
974190704,1261331167829254144
974190704,953602880103223296
974190704,1145595561569071104
974190704,113099007
974190704,1303705585376989184
974190704,1209219515264962566
974190704,1234868212505939968
974190704,2352165313
974190704,1231095895
974190704,957705748665991170
974190704,1040937801083219968
974190704,1243514581
974190704,4428287721
974190704,1198527357658771456
974190704,2779995489
974190704,1276043237439025153
974190704,727270588738330625
974190704,1258071857082839048
974190704,850268993709420545
974558708,1393278025349967877
974558708,1386680904849018884
974558708,46008977
974558708,463989755
974558708,19383358
974558708,39983021
974558708,2306989674
974558708,1273570389948616704
974558708,347834285
974558708,435365924
974558708,3438416009
974558708,3239205732
974558708,14139376
974558708,598946691
974558708,975462369320226816
974558708,262500612
974558708,1153747660404170752
974558708,186016088
974558708,963415128111747072
974558708,16589570
974558708,1151816945391538176
974558708,831801152
974558708,291756720
974558708,23788120
974558708,1125243446543945728
974558708,488552800
974558708,529247125
974558708,4839858424
974558708,1857619124
974558708,1006803415442313216
974558708,23582260
974558708,2452279423
974558708,1157749381
974558708,2471106091
974558708,2341633802
974558708,919339031560970241
974558708,934404495630467072
974558708,911565306035761153
974558708,61876375
974558708,276401553
974558708,277853976
974558708,37162507
974558708,830107579
974558708,1298846414
974558708,15654823
974558708,2905246479
974558708,1465026877
974558708,806005323228069888
974558708,339588127
974558708,21652927
977265403,67665291
977265403,390040296
977265403,878453017
977265403,49646346
977265403,90859957
977265403,255499265
977265403,921727033
977265403,1038323348
977265403,467689193
977265403,402881758
977265403,237379952
977265403,53122937
981556177,3152916993
981556177,992695320
981556177,409158564
981556177,483060658
981556177,397215654
981556177,396862813
981556177,704103153
981556177,2286473894
981556177,1276197984
981556177,822849920
981556177,2278621192
981556177,747376524
981556177,1731227724
981556177,42158080
981556177,21688312
981556177,73298235
981556177,509337710
981556177,19343576
981556177,60102082
981556177,1497942090
981556177,198419938
981556177,586830756
981556177,412618098
981556177,352376217
981556177,1267454683
981556177,428462682
981556177,702820675
981556177,52466789
981556177,79696596
981556177,362715697
981556177,476600096
981556177,1414930662
981556177,1379272196
981556177,365425744
981556177,65108529
981556177,517378178
981556177,491723609
981556177,123106448
981556177,501555995
981556177,479310000
981556177,552520391
981556177,377930911
981556177,602021136
981556177,407263319
981556177,44225904
981556177,123111518
981556177,281785847
981556177,278947162
981556177,349456704
981556177,281364644
407818010,428556660
407818010,14897369
407818010,463147777
407818010,851396263463579648
407818010,464588098
407818010,417790666
407818010,69558557
407818010,148451106
407818010,131256347
407818010,89942841
407818010,494371930
407818010,481190192
407818010,554593990
407818010,426873440
407818010,547054474
407818010,214537219
407818010,240266199
407818010,264202873
407818010,279117112
407818010,214214779
407818010,481556807
407818010,443973430
407818010,523593419
407818010,75827942
407818010,289570896
407818010,236587965
407818010,249090048
407818010,417101186
120720544,897479424
120720544,22301494
120720544,731897759675121664
120720544,2491456729
120720544,4019916022
120720544,2800097227
120720544,1453808478
120720544,2778610688
120720544,437146218
120720544,2806312503
120720544,2700076664
120720544,2827616079
120720544,90838317
120720544,1196893550
120720544,578943460
120720544,2831264454
120720544,2762888596
120720544,166981829
120720544,988922670
120720544,2664320467
120720544,2816618459
120720544,2497753812
120720544,2847476071
120720544,2659478365
120720544,2424565358
120720544,2429597648
120720544,701014194
120720544,163943784
120720544,2667838459
120720544,2844851659
120720544,44120635
120720544,797609485
120720544,2826116341
120720544,2835708379
120720544,2806417460
120720544,47154159
120720544,2269754885
120720544,107236437
120720544,2802043762
120720544,2803776351
120720544,1885977158
120720544,2771784787
120720544,473508169
120720544,1046871408
120720544,2834361008
120720544,2806398885
120720544,2802495323
120720544,2801065403
120720544,139105803
120720544,2798534668
187536784,1267901994322350080
197602470,617199915
197602470,2282245784
197602470,1471684616
197602470,17185069
197602470,96351661
197602470,172255709
197602470,250407911
197602470,367996820
197602470,918903920
197602470,908582898
197602470,309283183
197602470,331559078
197602470,205953045
197602470,516618540
197602470,53869504
197602470,429765958
197602470,425649487
197602470,219668702
197602470,137959712
197602470,17916539
197602470,307383742
197602470,81047892
197602470,82071755
197602470,271334926
197602470,617219261
197602470,96974591
197602470,588212600
197602470,586827329
197602470,96136543
197602470,19731163
197602470,216430969
197602470,29484596
197602470,162988227
197602470,34283499
197602470,78644109
197602470,573627925
197602470,375524264
197602470,12931052
197602470,12368702
197602470,142270355
197602470,425832032
197602470,425012796
197602470,492248316
197602470,123449340
197602470,394356879
197602470,58415813
197602470,173010653
197602470,226649243
197602470,210831524
197602470,84865004
207070244,1322999750472454144
207070244,1397123352515469312
207070244,1305585674142330880
207070244,776185637888266241
207070244,1263549774562832385
207070244,1372862077656829956
207070244,893963048628695040
207070244,1158857552865693696
207070244,1303715607314157569
207070244,2769845369
207070244,1367354458980700161
207070244,88509683
207070244,431765364
207070244,1058257603082387457
207070244,1232888108066254849
207070244,1315712110488424448
207070244,2609377500
207070244,31501527
207070244,1180399011196473344
207070244,1309563828112445440
207070244,595606976
207070244,1224431814774792192
207070244,1312305042666520576
207070244,3192210371
207070244,1291359136668700672
207070244,1225848521070383105
207070244,188808627
207070244,1143964586502172676
207070244,571148718
207070244,375184915
207070244,1117381412498354177
207070244,548549807
207070244,979278346226937856
207070244,2604416656
207070244,3494713155
207070244,1289474000230535168
207070244,1268592793913634816
207070244,1278364754424127490
207070244,1277271972565659649
207070244,235587020
207070244,847689579406569472
207070244,44896900
207070244,621234764
207070244,1007600650484666368
207070244,2398079164
207070244,132300000
207070244,818981707932176385
207070244,23927745
207070244,423533699
207070244,1158239588
216522413,2150616429
216522413,216702099
216522413,482284900
216522413,1239132055474262018
216522413,786157027
216522413,119101119
216522413,3301116944
216522413,3079988866
216522413,2788815442
216522413,1960591573
216522413,618255032
216522413,2565647476
216522413,2582374112
216522413,495335363
216522413,2347489153
216522413,538021809
216522413,1848942524
216522413,2270326123
216522413,1513532018
216522413,2176266174
216522413,2293333836
216522413,623169299
216522413,366056029
216522413,201473305
216522413,231914430
216522413,189155466
216522413,160148210
216522413,848431087
216522413,213097992
216522413,561085838
216522413,320863229
216522413,627707921
216522413,1045280491
216522413,996838200
216522413,387291021
216522413,179564467
216522413,456568442
216522413,14958182
216522413,66630515
216522413,433512140
216522413,16600574
216522413,203513473
216522413,53421669
216522413,789538
216522413,954079369
216522413,411713962
216522413,580899563
216522413,102381903
216522413,159868816
216522413,420310938
259680844,344651390
259680844,1215681775
259680844,1322260098
259680844,1214875152644620292
259680844,956130506369794048
259680844,3128032621
259680844,3173223281
259680844,227986701
259680844,29449278
259680844,785130287005110272
259680844,1263711264
259680844,251209643
259680844,625106091
259680844,2433353377
259680844,567341374
259680844,2994328695
259680844,396654107
259680844,302028453
259680844,760209049
259680844,14607231
259680844,988877082
259680844,2539127886
259680844,943020944
259680844,279759622
259680844,337131176
259680844,1655660972
259680844,181116551
259680844,88637889
259680844,627409700
259680844,15375993
259680844,24674124
259680844,1046291526
259680844,1469334894
259680844,44636380
259680844,281927786
259680844,28420975
259680844,321380810
259680844,246740002
259680844,833293524
259680844,7134092
259680844,17604217
259680844,16680306
259680844,988874179
259680844,91685353
259680844,8918032
259680844,135432669
259680844,196579657
259680844,111487832
259680844,494485268
259680844,17673655
301919327,715995120
301919327,883247680356577282
301919327,14419752
301919327,7227022
301919327,17266721
301919327,300168054
301919327,1281154346118504448
301919327,1151222786
301919327,3302551097
301919327,282732273
301919327,788404392156336132
301919327,3088369407
301919327,1223707925253951490
301919327,2710408399
301919327,3493813995
301919327,285600799
301919327,189078088
301919327,3023038409
301919327,359131709
301919327,253672526
301919327,3420849863
301919327,1183923062
301919327,861368449859284994
301919327,1022349042112757762
301919327,17578960
301919327,749944959000805377
301919327,594621120
301919327,1182342334815641600
301919327,103121268
301919327,47290489
301919327,740245983007789056
301919327,147492900
301919327,265331960
301919327,43063271
301919327,1113995014366007296
301919327,912015017192689664
301919327,3618383116
301919327,943851117171048453
301919327,3362597344
301919327,1002752822
301919327,1079084164794732544
301919327,877893770548793344
301919327,742778900527321089
301919327,907701863146979333
301919327,1712037570
301919327,4726103242
301919327,911994417300590592
301919327,299856802
301919327,1923572126
301919327,4018074154
517625408,1351188841558913025
517625408,1121140317074403328
517625408,898922311553822720
517625408,1171894501587247104
517625408,1278541324187295744
517625408,1247387810543394818
517625408,1260031682364596224
517625408,1266535720170160133
517625408,1218927204362596355
517625408,896748977688858625
517625408,1117066021817524224
517625408,1076902314
517625408,482117858
517625408,327540979
517625408,485842906
327900613,182026267
327900613,375158669
327900613,280109836
327900613,372369219
327900613,306767729
327900613,2422220953
327900613,145973773
327900613,870673681
327900613,391487131
327900613,2393437630
327900613,1449615924
327900613,581332992
327900613,437592305
327900613,2388336046
327900613,2165141656
327900613,2393038881
327900613,468300242
327900613,1121904132
327900613,405595963
327900613,74147478
327900613,149521046
327900613,358129392
327900613,314013528
327900613,26986853
327900613,213654465
327900613,604399642
327900613,340611527
327900613,1377807306
327900613,1533987296
327900613,375578671
327900613,131942424
327900613,359085773
327900613,479753821
327900613,501386630
327900613,289583182
327900613,524301861
327900613,402207103
327900613,539041596
327900613,637202715
327900613,751177723
327900613,312100965
327900613,325176871
327900613,445122509
327900613,445122087
327900613,417006282
327900613,407096281
327900613,1129524847
327900613,1228761222
327900613,270589916
327900613,293708259
522582939,1252157256679985152
522582939,1290643354561187841
522582939,1376134548812136451
522582939,415373883
522582939,1339346237800259585
522582939,3098185557
522582939,1036944857753952264
522582939,1237414428896833536
522582939,1227706212826959878
522582939,330816629
522582939,1203962947300663301
522582939,932702612356464642
522582939,715311594809516032
522582939,2364538682
522582939,457589858
522582939,988470980430450688
522582939,4784079159
522582939,1122924671769436160
522582939,999560256270340096
522582939,1008397705759068160
522582939,949218192391520257
522582939,4896023595
522582939,1668611016
522582939,1624198644
522582939,21543866
522582939,3872613081
522582939,709098844626223105
522582939,391160730
522582939,784306729
522582939,931158228079185921
522582939,267444592
522582939,100011481
522582939,898447361063735296
522582939,902015178816061440
522582939,898535371834830848
522582939,45540643
522582939,223998172
522582939,856414221189435392
522582939,1420374991
522582939,2545670748
522582939,872175079
522582939,3397530820
522582939,3233873505
522582939,716168172395753472
522582939,728358016924434432
522582939,727450527357931520
522582939,487700082
522582939,2822713564
522582939,2902059726
522582939,1139067690
541037205,970790724
541037205,234326492
541037205,564114727
541037205,1448563400
541037205,1170352844010115072
541037205,1195353930122838018
541037205,11070972
541037205,14082732
541037205,192110381
541037205,772392769444835328
541037205,2403324167
541037205,418047933
541037205,756772794
541037205,2568852452
541037205,43855690
541037205,3114364725
541037205,234688558
541037205,10920012
541037205,461072167
541037205,663903
541037205,394578023
541037205,2355338348
541037205,3413043418
541037205,863312509322788866
541037205,735106637749473280
541037205,104203949
541037205,3332820753
541037205,899993554235379716
541037205,3052872179
541037205,2572597449
541037205,820677795684683776
541037205,716212410101665792
541037205,894326852
541037205,18171805
541037205,5571602
541037205,49729135
541037205,420224380
541037205,16734860
541037205,14607140
541037205,755497942585335808
541037205,795684693127663616
541037205,802191108126154753
541037205,2649482306
541037205,35785106
541037205,803633099221401600
541037205,2732340460
541037205,3207818801
541037205,523635999
541037205,1243531202
541037205,90872635
835342567,429129774
835342567,2288463065
835342567,789228855332601856
835342567,789265601667694593
835342567,775745588054921216
835342567,789367830244319232
835342567,789384293558595584
835342567,789534812189097984
835342567,789543417508401152
835342567,789880927396761600
835342567,790072746382336000
835342567,790126056506261504
835342567,790185454557601792
835342567,790283194176274432
835342567,790474499263168512
835342567,781218999728238592
835342567,789406814509031424
835342567,790613693331570689
835342567,3302081620
835342567,2782336540
835342567,790954509480648704
835342567,791004536899002368
835342567,791184890708500480
835342567,782993618042839040
835342567,3457617077
835342567,538340151
835342567,791811174056730624
835342567,791937641864318977
835342567,792151087813914625
835342567,792264078039347200
835342567,792293976841879552
835342567,792406487628914688
835342567,792630253126619136
835342567,792632224587870208
835342567,2267957896
835342567,792661975000027136
835342567,792813523147653126
835342567,792818661203537920
835342567,792922514464837634
835342567,715933267560697861
835342567,793070462230269952
835342567,793103048323334144
835342567,4827352751
835342567,793342632185491456
835342567,793599973564743681
835342567,793736931960053761
835342567,793736991888269316
835342567,793794098700378112
835342567,793877805058646017
835342567,794198980464885760
1092912044,79793652
1092912044,1924461859
1092912044,124531391
1092912044,70093509
1092912044,52029950
1092912044,589007815
1092912044,520613745
1092912044,153540934
1092912044,1201364281
1092912044,1028550757
1092912044,615624745
1092912044,44839560
1092912044,157961422
1092912044,1010753005
1092912044,233533428
1092912044,230232137
1092912044,636367480
1092912044,267706926
1092912044,387110669
1092912044,1093338463
1092912044,273853899
1092912044,398212319
1092912044,27241985
1092912044,196502555
1126202310,2875673506
1126202310,220725622
1126202310,2363951724
1126202310,31008996
1126202310,15127924
1126202310,856750513
1126202310,72162653
1126202310,169549338
1126202310,306091776
1126202310,1948887662
1126202310,110116478
1126202310,1251832710856880128
1126202310,1094698873392676864
1126202310,742441815119437825
1126202310,1021080391300665345
1126202310,2464446216
1126202310,45241127
1126202310,25479709
1126202310,3266035236
1126202310,34625529
1126202310,106685650
1126202310,1130952421532999680
1126202310,425020930
1126202310,468193759
1126202310,118391002
1126202310,994667131
1126202310,15011100
1126202310,252962982
1126202310,14514457
1126202310,391425082
1126202310,2455554733
1126202310,97200788
1126202310,44238413
1126202310,182857317
1126202310,229502009
1126202310,532420851
1126202310,1039559970
1126202310,1092870173298696193
1126202310,19376058
1126202310,507136731
1126202310,1072617406877614080
1126202310,1127446428
1126202310,617604808
1126202310,855348877368676352
1126202310,140913803
1126202310,4752721812
1126202310,21110858
1126202310,2987122085
1126202310,722914767636004865
1126202310,1010871540802576384
52491055,2743446803
52491055,3677144957
52491055,17904468
52491055,3034288407
52491055,621856993
52491055,2744899428
52491055,174958347
52491055,550279253
52491055,496925152
52491055,91797892
52491055,253205873
52491055,189447402
52491055,254061720
52491055,465346365
52491055,468204131
52491055,445476367
52491055,463651026
52491055,110433608
52491055,513240640
52491055,390335466
52491055,437768991
52491055,452847791
52491055,234544983
52491055,383246853
52491055,150300276
52491055,73274708
52491055,235600716
52491055,304508651
52491055,46888136
52491055,20370971
52491055,252187868
52491055,188757552
52491055,128246668
52491055,46148261
52491055,184731674
52491055,130877072
52491055,143474159
52491055,65487534
52491055,185211275
52491055,68127862
52491055,127303406
52491055,60021762
52491055,158434903
52491055,38685349
52491055,37687747
52491055,185174854
52491055,55858592
52491055,29963948
52491055,30838168
52491055,43788382
55532545,1143130666290356225
55532545,855153135584780288
55532545,1074712071454027778
55532545,2719824167
55532545,416454810
55532545,191419653
55532545,485655879
55532545,488293228
55532545,600567553
55532545,404896802
55532545,784653702
55532545,148117776
55532545,579781428
55532545,715000488
55532545,900359486
55532545,842101028
55532545,435175433
55532545,434184878
55532545,424956500
55532545,424190279
55532545,17129448
55532545,391962976
55532545,239406388
55532545,861978158
55532545,485582668
55532545,260657486
55532545,943686176
55532545,892057934
55532545,173820145
55532545,453186451
55532545,431754257
16043064,550071608
16043064,2817159452
16043064,986903503
16043064,980119754894663680
16043064,567949363
16043064,810804715541893120
16043064,25629056
16043064,798681565941243904
16043064,1245247988
16043064,286818873
16043064,2510854592
16043064,2839919123
16043064,201688739
16043064,3092578895
16043064,400313120
16043064,127848728
16043064,29041864
16043064,893090869
16043064,2767891175
16043064,417974522
16043064,181495150
16043064,39953086
16043064,1106266033
16043064,175346368
16043064,71086875
16043064,30476502
16043064,22146613
16043064,15183269
16043064,1647503216
16043064,1578448676
16043064,69613451
16043064,379247044
16043064,1170154326
16043064,25152907
16043064,980585948
16043064,82677155
16043064,94164678
16043064,431506624
16043064,365660866
16043064,151001035
16043064,28797992
16043064,399517141
16043064,514581117
16043064,477720405
16043064,29189189
16043064,91831521
16043064,84704146
16043064,15690844
16043064,225405293
16043064,238649464
20308222,884124721108979712
20308222,1154106240588496899
20308222,1307267942
20308222,2800422628
20308222,1300414125894438912
20308222,1184794821409595392
20308222,1339166129110065152
20308222,764573273661243394
20308222,1308666120585572352
20308222,1340410551277678593
20308222,1701930446
20308222,24466578
20308222,1212242228283731968
20308222,1018044906
20308222,419084104
20308222,1283680511102193666
20308222,820059028864704514
20308222,814103950404239360
20308222,2381246233
20308222,1083145344580571137
20308222,964669976
20308222,14335189
20308222,538078599
20308222,12889162
20308222,1258775273698361346
20308222,1284217077864243200
20308222,170226993
20308222,68599584
20308222,720809947
20308222,57441414
20308222,2827333426
20308222,1216408985861050370
20308222,878575811250573312
20308222,4914384040
20308222,1145932090686525445
20308222,1157694950655561728
20308222,42158651
20308222,88315048
20308222,830780796449484801
20308222,2332087450
20308222,2480268229
20308222,1231514832479948802
20308222,3530404094
20308222,195271137
20308222,1260480271289389057
20308222,1244344102940000257
20308222,1033102774131740674
20308222,354550618
20308222,1048623845958193153
20308222,580934565
33747826,940248030221164544
33747826,4424151742
33747826,835975831
33747826,54324142
33747826,594577966
33747826,38416919
33747826,18880017
33747826,53902082
33747826,483708206
33747826,1037246786
33747826,57663484
33747826,318404134
33747826,131965381
33747826,940370042
33747826,1045375658
33747826,256285807
33747826,56101714
33747826,272986967
33747826,304616192
33747826,153052426
33747826,300484954
45314390,1319039467
45314390,2214135115
45314390,753492930
45314390,738080733282074624
45314390,581067767
45314390,1196755734610022400
45314390,26003792
45314390,14949475
45314390,239929745
45314390,1040311971206389761
45314390,16472657
45314390,1344113432
45314390,1131237004593778693
45314390,1165400327895601153
45314390,39288447
45314390,765344342
45314390,2796718545
45314390,805098963716214784
45314390,595382439
45314390,1023318274912792576
45314390,4164914722
45314390,855102007883038720
45314390,2384252054
45314390,3436127230
45314390,920905949795246080
45314390,724727285845221376
45314390,2871712803
45314390,2804034038
45314390,524545863
45314390,727168172760125440
45314390,793931016335302656
45314390,2834279494
45314390,1478410662
45314390,3117945497
45314390,775276253460979712
45314390,747939957969293313
45314390,2330839381
45314390,930860917910274048
45314390,833787018161315842
45314390,1616442367
45314390,865656147440672768
45314390,4236082696
45314390,211868703
45314390,3063016422
45314390,57457042
45314390,748301421036998656
45314390,444501175
45314390,32697273
45314390,19287603
45314390,38539052
48665791,710205841828253696
48665791,963462511994523648
48665791,197558355
48665791,213792527
48665791,75486196
48665791,626578985
48665791,721717247841071105
48665791,1869531516
48665791,492524233
48665791,918214310639390721
48665791,4260137813
48665791,4631885897
48665791,2369992121
48665791,20653714
48665791,595837503
48665791,831609343757926400
48665791,2438769649
48665791,841004927765864449
48665791,4623787942
48665791,2999245276
48665791,942512605389828097
48665791,734356837168975872
48665791,2205271270
48665791,826499291728457729
48665791,1538338184
48665791,1198981808
48665791,724216579840446464
48665791,992013876886757376
48665791,861617535040577537
48665791,211264721
48665791,983066244931817473
48665791,1712305933
48665791,2393503658
48665791,262786073
48665791,953338966664761344
48665791,898226265693589505
48665791,348921884
48665791,382902326
48665791,706981309164425216
48665791,851681862934286336
48665791,961211957717159937
48665791,911758824415154176
48665791,220455851
48665791,322220543
48665791,469018095
48665791,717428109
48665791,717714399532867585
48665791,718400342803611648
48665791,956230641431011328
48665791,2304836706
52108988,800702965015134208
52108988,15456063
52108988,1296752835003129856
52108988,23623456
52108988,1146492666709983232
52108988,1426245361
52108988,2889768156
52108988,733341280462381056
52108988,760110530178801664
52108988,709116564562436096
52108988,501306301
52108988,113078904
52108988,954241188
52108988,1082045575
52108988,934178858
52108988,66557962
52108988,2586667608
52108988,1148485670
52108988,2285077639
52108988,1514279989
52108988,340722748
52108988,1252975140
52108988,174236259
52108988,135580262
52108988,820434384
52108988,474145868
52108988,934900867
52108988,356046722
52108988,325507085
52108988,91565804
52108988,572547496
52108988,27526457
52108988,569085334
52108988,451682112
52108988,92125858
52108988,44046302
52108988,399019402
52108988,110168443
52108988,122346714
52108988,485599525
52108988,241945642
52108988,302549940
52108988,16525778
52108988,177158750
52108988,390857448
52108988,392682940
52108988,392383345
52108988,279530238
52108988,347979651
52108988,39290569
83811813,342181234
83811813,1300472329231794184
83811813,929388903248945152
83811813,433375995
83811813,3355249277
83811813,497089238
83811813,1366052976322891783
83811813,525183822
83811813,2897993307
83811813,2526035246
83811813,1919456124
83811813,18098189
83811813,547958775
83811813,3248744915
83811813,1247957828305858561
83811813,1125060502353317888
83811813,1105735637460795393
83811813,157147605
83811813,1389888797005991936
83811813,3135074353
83811813,113390557
83811813,707949955755933696
83811813,750797161760186368
83811813,2777201290
83811813,1381529364
83811813,1263978732
83811813,426002368
83811813,3198341709
83811813,1122699451
83811813,858386829590102016
83811813,2777623919
83811813,1280080830682083328
83811813,1369249163939115010
83811813,1348196571201089541
83811813,1360258664133767170
83811813,1693279765
83811813,1332390492152229888
83811813,803002679140249600
83811813,566693014
83811813,2366782414
83811813,2314455983
83811813,912065658
83811813,130777749
83811813,4490260342
83811813,46166655
83811813,193579986
83811813,1316373931968860163
83811813,4823613767
83811813,1190238574064652288
83811813,1368935093033656323
91866745,1849061606
91866745,747732177979342848
91866745,624166137
91866745,1001827943017000961
91866745,1619239830
91866745,2856666291
91866745,788909572496830464
91866745,316242089
91866745,1699874707
91866745,148051169
91866745,118366636
91866745,168109029
91866745,4111942467
91866745,129931794
91866745,147552088
91866745,1438176746
91866745,770334275774320640
91866745,3115997056
91866745,122496378
91866745,1861714274
91866745,1539355560
91866745,145816987
91866745,2256758464
91866745,448366632
91866745,2420745956
91866745,1154641771
91866745,67421005
91866745,966540884
91866745,529387336
91866745,325182272
91866745,313347885
91866745,631950372
91866745,939010904
91866745,289384487
91866745,452984686
91866745,21183577
91866745,471291294
91866745,1168458276
91866745,618082998
91866745,107968384
91866745,813723714
91866745,170322162
91866745,1021613282
91866745,286345864
91866745,412285742
91866745,456082588
91866745,198270108
91866745,372743330
91866745,26006112
91866745,23118231
111628975,1575943723
111628975,82369337
111628975,939959862083104768
111628975,1249134143729995776
111628975,21778264
111628975,1184157769605271553
111628975,466845024
111628975,1349894515360899073
111628975,139975063
111628975,480860644
111628975,82398123
111628975,304429929
111628975,2741188028
111628975,1293279142390226944
111628975,937918927
111628975,1273744850622570500
111628975,1380652298473508865
111628975,1269968041
111628975,2799109825
111628975,103067285
111628975,159926482
111628975,1232091440454389760
111628975,107188618
111628975,1357868586858147840
111628975,372595784
111628975,61371275
111628975,1239207367105040387
111628975,1367539469969162240
111628975,1305901572531118086
111628975,72589360
111628975,21711729
111628975,103772258
111628975,1094215960507101184
111628975,148038439
111628975,234065166
111628975,193096110
111628975,156351223
111628975,1274734118379687936
111628975,102850588
111628975,4870890513
111628975,161072790
111628975,25790336
111628975,943063875590742019
111628975,1181280923456872448
111628975,41448115
111628975,700229594
111628975,143998235
111628975,35526126
111628975,180327078
111628975,409462079
114849265,361473310
114849265,7270892
114849265,1152122358
114849265,876231589
114849265,253660841
114849265,554353434
114849265,407034728
114849265,443027126
114849265,836007223
114849265,402685507
114849265,72799162
114849265,519743108
114849265,270831668
114849265,344605308
114849265,254622703
114849265,722329598
114849265,519345103
114849265,228419687
114849265,279459133
114849265,368822352
114849265,883888009
114849265,463145694
114849265,404229877
114849265,456881583
114849265,376847618
114849265,33278501
114849265,225767505
114849265,261169540
114849265,58143776
114849265,25310271
114849265,93908411
114849265,104598022
114849265,24661999
168791182,1286218840368701440
168791182,926351653
168791182,1259107329145962497
168791182,1134239469735960577
168791182,370044960
168791182,913781788765499393
168791182,38471514
168791182,187554919
168791182,124441715
168791182,1088162287
168791182,704083189615173632
168791182,1117519021
168791182,65957347
168791182,33315233
168791182,615256396
168791182,3140268365
168791182,2589282270
168791182,2714332653
168791182,461320262
168791182,3143968391
168791182,120517619
168791182,1625096862
168791182,1758527126
168791182,3010968988
168791182,2752084726
168791182,36340919
168791182,2726776126
168791182,799183148
168791182,807172332
168791182,2176048107
168791182,1536861702
168791182,218021772
168791182,1140361844
168791182,153986341
168791182,500774426
168791182,160147108
168791182,867650828
168791182,1442269730
168791182,815975174
168791182,417168204
168791182,993167286
168791182,1042787791
168791182,328553745
168791182,462851953
168791182,448928051
168791182,44596200
168791182,485136016
168791182,1400462732
168791182,1169941957
168791182,811341440
177299735,1284615697834954752
177299735,2171133483
177299735,1305211665777074176
177299735,174574802
177299735,1268078752405192705
177299735,171004906
177299735,15816424
177299735,1348974922782048256
177299735,406159222
177299735,1376104234861666304
177299735,1165442149929902080
177299735,1280614006986850314
177299735,830712048086556672
177299735,1461069679
177299735,1264222795518500866
177299735,1145796083169316865
177299735,1075083101691363328
177299735,1238795802274869248
177299735,1294718387885662208
177299735,1288473819926077442
177299735,1141983847078404101
177299735,3288413315
177299735,1298879534503264256
177299735,2282838547
177299735,752389710215909376
177299735,1259817410531430401
177299735,765632447274848256
177299735,1148092241832861696
177299735,747224515130757120
177299735,1059030825319231488
177299735,823200938873720832
177299735,1251157741625683972
177299735,1356362234310615046
177299735,916786903059456000
177299735,4351593441
177299735,1253839256092463105
177299735,121739639
177299735,885228698965692416
177299735,2679434698
177299735,611733183
177299735,1224434945982005254
177299735,518993388
177299735,1275792029256015876
177299735,312599713
177299735,278495758
177299735,1606488878
177299735,936707687051595776
177299735,720848934663376896
177299735,1044652432934887424
177299735,160077611
197400952,948484752
197400952,1301586368611590144
197400952,743899112517472256
197400952,49272248
197400952,48945625
197400952,3159148494
197400952,476523041
197400952,8935432
197400952,9083222
197400952,18444530
197400952,126210634
197400952,24630350
197400952,975338366802841607
197400952,387186414
197400952,432769867
197400952,197197376
197400952,311902939
197400952,268447341
197400952,235964134
222579656,3389473157
222579656,231398104
222579656,3304616464
222579656,767424918468325376
222579656,858082053321097216
222579656,719417262109630465
222579656,55291965
222579656,2780704856
222579656,2801139273
222579656,2516054448
222579656,30822452
222579656,20655960
222579656,108540546
222579656,16667262
222579656,4196701033
222579656,3243466440
222579656,21840386
222579656,376142755
222579656,127312595
222579656,2974059202
222579656,1655438954
222579656,3042986932
222579656,2967242229
222579656,42720477
222579656,257305353
222579656,2929500891
222579656,17454949
222579656,1452813499
222579656,559060430
222579656,868966044
222579656,725810030
222579656,148408323
222579656,8003542
222579656,2784751117
222579656,2748405101
222579656,2409474996
222579656,378232436
222579656,100528644
222579656,33602317
222579656,2432608640
222579656,58429001
222579656,2369742774
222579656,768901326
222579656,234442418
222579656,2466239132
222579656,262051484
222579656,125786481
222579656,30487096
222579656,212331428
222579656,46986323
233959454,252298305
233959454,2225805020
233959454,263161714
233959454,2912799957
233959454,1240246213926105089
233959454,2654393564
233959454,847288501
233959454,2397043430
233959454,69350769
233959454,1014069494
233959454,924985554848178176
233959454,976710871
233959454,853265063108628484
233959454,1328571213363503108
233959454,957966157247590400
233959454,1176062772184047616
233959454,2816318949
233959454,1372280019049910275
233959454,3377082531
233959454,1306954447600394243
233959454,91687715
233959454,888873418724192258
233959454,2932597306
233959454,498911944
233959454,1217378342787342336
233959454,560311938
233959454,243149454
233959454,313785801
233959454,1291834550428016647
233959454,233767912
233959454,2870300482
233959454,479441666
233959454,2809174954
233959454,1352366766136176641
233959454,901605343
233959454,460075199
233959454,413974853
233959454,108099486
233959454,1338139946012585985
233959454,1273332437083394048
233959454,1335701694404026368
233959454,1181485104629202945
233959454,531709695
233959454,2360832798
233959454,318013479
233959454,801074694359306241
233959454,849550685926457345
233959454,1176415704
233959454,1148365611438923776
233959454,285857266
252688673,302551613
252688673,18689780
252688673,907861704
252688673,185155190
252688673,576959713
252688673,2429491381
252688673,278932258
252688673,632028617
252688673,1387535401
252688673,1306769642
252688673,228033199
252688673,338515019
252688673,2429591048
252688673,68718020
252688673,25500651
252688673,2153409976
252688673,2260993082
252688673,2281625576
252688673,63818558
252688673,111861538
252688673,62365652
252688673,2264998308
252688673,1944416498
252688673,299819768
252688673,352646578
252688673,568314365
252688673,29200661
252688673,1672026546
252688673,58610201
252688673,740945574
252688673,355478644
252688673,381492307
252688673,1663010298
252688673,105570524
252688673,283235743
252688673,785337390
252688673,1518408877
252688673,399979661
252688673,1042472828
252688673,300428275
252688673,67728650
252688673,173852578
252688673,74835605
252688673,418143556
252688673,1017041652
252688673,18899882
252688673,355066727
252688673,20060650
252688673,184459273
252688673,458233856
255559955,2809757067
255559955,1230396026915299330
255559955,1246917600
255559955,1363241409445310473
255559955,902444599
255559955,2807630479
255559955,876067632784576514
255559955,887370818920955904
255559955,1041096036532412416
255559955,1172901648584327169
255559955,1190300218887147520
255559955,80747926
255559955,907325264329310209
255559955,3855103576
255559955,81977384
255559955,1287013001204301824
255559955,1265639403386474496
255559955,1264580098507845638
255559955,365724325
255559955,2828614763
255559955,1143504621987454981
255559955,2838834782
255559955,3680442141
255559955,2836968672
255559955,1090640254518915074
255559955,989314650478186496
255559955,1067651139687059457
255559955,720299894401961987
255559955,1917166519
255559955,2314402265
255559955,86374737
255559955,171227474
255559955,824693755458519040
255559955,890611919295565824
255559955,1122845513265680385
255559955,2753663966
255559955,1110608819376263168
255559955,753984763115950081
255559955,1125778529902313473
255559955,579186235
255559955,3175749089
255559955,2226023338
255559955,1052842648203980800
255559955,27683232
255559955,1140054930604122112
255559955,1146948311875821569
255559955,489597060
255559955,22343664
255559955,2651246719
255559955,800203594884493313
278618602,465677341
278618602,516427725
278618602,436625078
278618602,4327690523
278618602,49339453
278618602,2412606565
278618602,817032169621192705
278618602,3067189302
278618602,1225999382
278618602,196440740
278618602,770933301473345536
278618602,470440027
278618602,3044697528
278618602,601839685
278618602,1527999116
278618602,561417506
278618602,298021154
278618602,2418979393
278618602,579911132
278618602,1604147106
278618602,1348069826
278618602,1397404088
278618602,2794110154
278618602,2628519323
278618602,980415708
278618602,2821411728
278618602,414324491
278618602,2573257092
278618602,2584442906
278618602,26775056
278618602,2506738353
278618602,61737319
278618602,33613570
278618602,2650613443
278618602,46960963
278618602,1000347290
278618602,63433
278618602,1313139115
278618602,2625596455
278618602,1016174798
278618602,246654987
278618602,274023019
278618602,236389590
278618602,599338505
278618602,405672405
278618602,470890134
278618602,587665339
278618602,1459245836
278618602,411958406
278618602,825325561
295578583,1184131327576158208
295578583,25103696
295578583,36369229
295578583,925416140
295578583,933416808639541248
295578583,985871203561766912
295578583,1098490778
295578583,916374830
295578583,216439242
295578583,767465626629771264
295578583,773248557046431744
295578583,2855893183
295578583,822441
295578583,1977992046
295578583,180696949
295578583,1602953395
295578583,96815433
295578583,2935494928
295578583,3833268437
295578583,2706721928
295578583,80644624
295578583,4876217776
295578583,775246734
295578583,1244311244
295578583,48295261
295578583,3354715149
295578583,2786126387
295578583,457155962
295578583,15566671
295578583,26507612
295578583,62063732
295578583,79236749
295578583,16295946
295578583,2614170438
295578583,1372866714
295578583,970697989
295578583,3252
295578583,14147604
295578583,7285372
295578583,17359692
295578583,874533433
295578583,9048542
295578583,1853616666
295578583,1619482764
295578583,68509091
295578583,103920270
295578583,84589618
295578583,21664207
295578583,23412691
295578583,14345141
318949971,706428258292736002
318949971,78576800
318949971,1377649328
318949971,215069892
318949971,14771074
318949971,817660656
318949971,1580797609
318949971,1730020207
318949971,2184213925
318949971,636890285
318949971,195545545
318949971,800006408
318949971,1108606740
318949971,246185455
318949971,753896622
318949971,422525514
318949971,76299087
318949971,520794411
318949971,390095666
318949971,400268071
318949971,224175193
318949971,36338321
333960904,35813696
333960904,1320368318562402308
333960904,1365030542954143750
333960904,1642181060
333960904,1323215562
333960904,294103213
333960904,1014055358548119552
333960904,2961884272
333960904,1119357680727015424
333960904,4087314257
333960904,940329171179458561
333960904,3427690931
333960904,859236125218492416
333960904,1174979491405299712
333960904,1121695380553519104
333960904,716428330061287424
333960904,1314434090
333960904,289504508
333960904,1356039955
333960904,921739233399902208
333960904,733411692885905410
333960904,38811911
333960904,834190683183411204
333960904,1341124717
333960904,18368859
333960904,213545356
333960904,3036568257
333960904,862722289812557826
333960904,3554496617
333960904,99730123
333960904,25013256
333960904,369333164
333960904,512446017
333960904,966354955098402816
333960904,597866436
333960904,260458077
333960904,2204778414
333960904,819226836001497088
333960904,2689651279
333960904,320860323
333960904,148731444
333960904,58902190
333960904,724960716
333960904,874029977079087105
333960904,487338066
333960904,263723790
333960904,860790247625555968
333960904,67045624
333960904,185991911
333960904,938017907115745281
337321477,308195346
337321477,25263627
337321477,400821247
337321477,100214447
337321477,37298835
337321477,529524393
337321477,46615778
337321477,148102674
337321477,21651332
337321477,94416942
337321477,148507987
337321477,14307346
337321477,15117313
337321477,356078539
337321477,22220779
337321477,439311102
337321477,63762328
337321477,277230121
337321477,43335293
337321477,383073238
337321477,115479604
337321477,230052316
337321477,423263370
337321477,245486067
337321477,15581045
337321477,383481991
337321477,339278376
337321477,51257833
337321477,491486363
337321477,132182963
337321477,22100044
337321477,473261995
337321477,325289844
337321477,190179429
337321477,529415296
337321477,529493494
337321477,437204205
337321477,529499913
337321477,529498578
337321477,254135704
337321477,529508609
337321477,529484691
337321477,529521941
337321477,518606295
337321477,529525625
337321477,529523568
337321477,17408665
337321477,529519036
337321477,523732431
337321477,529537153
372460791,1269228318047510531
372460791,1230234092589010944
372460791,18004009
372460791,34784274
372460791,3180220946
372460791,736627449484738561
372460791,391196135
372460791,824634606305505280
372460791,792376662553989120
372460791,554548645
372460791,164659661
372460791,831612067174084608
372460791,1887528152
372460791,2158354879
372460791,628965234
372460791,33806114
372460791,2151391566
372460791,112873247
372460791,3201888929
372460791,30811812
372460791,615339753
372460791,800037745024339968
372460791,3177116342
372460791,2570001
372460791,373975228
372460791,1177423460
372460791,347318515
372460791,825571535217909764
372460791,52247328
372460791,59048198
372460791,24452840
372460791,824841703047647232
372460791,822217507893190656
372460791,46748165
372460791,848039696
372460791,430046235
372460791,29965737
372460791,2505074103
372460791,2601966842
372460791,3084094102
372460791,519000853
372460791,19867003
372460791,2192900514
372460791,108598233
372460791,169128885
372460791,459483899
372460791,740187486169620482
372460791,1279325358
372460791,3681621377
372460791,233940104
382247829,806149156310052866
382247829,332740913
382247829,2992122411
382247829,2902840875
382247829,1090925996
382247829,275918243
382247829,342712053
382247829,2708198830
382247829,1299270852
382247829,929056776
382247829,715776669
382247829,1726656468
382247829,25101190
382247829,114623277
382247829,1352970348
382247829,995607090
382247829,103847660
382247829,453400170
382247829,479923783
382247829,1132265496
382247829,16335238
382247829,219221461
382247829,98846096
382247829,189954168
382247829,989668110
382247829,331504778
382247829,44091123
382247829,402784038
382247829,275541738
382247829,63296118
382247829,147546044
382247829,537445133
382247829,628273293
382247829,447339344
382247829,19316226
382247829,96206689
382247829,554315903
382247829,346742819
382247829,432934077
382247829,348713660
382247829,192486366
382247829,540017791
382247829,195889539
382247829,190904144
382247829,267199066
382247829,523273477
382247829,300477708
382247829,320192753
382247829,225930732
382247829,237213641
418633045,1095390896395300875
418633045,499651709
418633045,1347993040066125824
418633045,1354759717273411586
418633045,150558087
418633045,637196658
418633045,105815536
418633045,342997403
418633045,1278657387470229506
418633045,987398498
418633045,818060485
418633045,1166799651418361857
418633045,1144941213268791296
418633045,2244698822
418633045,1100280153018527744
418633045,613497443
418633045,185180893
418633045,3326786776
418633045,295897176
418633045,322185119
418633045,1036988696
418633045,829262586
418633045,3152156279
418633045,388568526
418633045,1107734718441771008
418633045,2613542828
418633045,1007301842
418633045,389412126
418633045,1118084688164413440
418633045,2327629436
418633045,15324903
418633045,925812701942763521
418633045,1082951376953589760
418633045,798561743815536640
418633045,376157005
418633045,291800246
418633045,418817113
418633045,1036603278589603841
418633045,280929580
418633045,52080061
418633045,2853652251
418633045,761205189823135745
418633045,3347008462
418633045,4718337622
418633045,57031082
418633045,902477207670575110
418633045,1074287588
418633045,614191118
418633045,725279312954441728
418633045,735405089645572096
453285193,76784093
453285193,158709503
453285193,178183525
453285193,204100717
453285193,43701219
453285193,1010022410
453285193,3246674825
453285193,368598856
453285193,3222721021
453285193,1644579354
453285193,2195672489
453285193,374917344
453285193,2196453122
453285193,3396913630
453285193,1189857712990871552
453285193,19295590
453285193,320096320
453285193,177625298
453285193,4861230552
453285193,56186139
453285193,747350693372112896
453285193,307869534
453285193,2587499276
453285193,67530587
453285193,36144233
453285193,1187749313507680261
453285193,106146884
453285193,77688594
453285193,20847350
453285193,705315404089069568
453285193,2745376560
453285193,281001930
453285193,1157709209745727488
453285193,2929891099
453285193,2171030147
453285193,119111208
453285193,3083858727
453285193,397205850
453285193,2328677132
453285193,2447556873
453285193,453270610
453285193,1897022742
453285193,21701217
453285193,3317110817
453285193,4099099787
453285193,3228571222
453285193,796376865166467072
453285193,920353210891685888
453285193,2327212782
453285193,507377486
469128515,1357363673073876993
469128515,1361720940669898754
469128515,446622352
469128515,958182997
469128515,2195014057
469128515,1336847828
469128515,3152599396
469128515,22503346
469128515,3028147631
469128515,407026673
469128515,2381818957
469128515,39542268
469128515,6570532
469128515,334778520
469128515,182076770
469128515,38163526
469128515,2240644158
469128515,91780887
469128515,505886233
469128515,1374549482
469128515,57140150
469128515,823400875
469128515,717696702
469128515,94059720
469128515,1215859248
469128515,1009499047
469128515,819972282
469128515,1215378169
469128515,1215445693
469128515,811710674
469128515,471144071
469128515,574550651
469128515,302032832
469128515,971712379
469128515,92496171
469128515,747779964
469128515,566594675
469128515,169452699
469128515,519408801
469128515,400757413
469128515,375202792
469128515,450641284
469128515,468767646
469128515,334517460
521131145,874263138526535680
521131145,988572609808756737
521131145,15925193
521131145,1322817595
521131145,45251373
521131145,435921103
521131145,4900729535
521131145,457595804
521131145,84019363
521131145,538182980
521131145,1620147066
521131145,617402983
521131145,548437738
521131145,2542037550
521131145,185147828
521131145,320165896
521131145,3988702475
521131145,524648760
521131145,64788267
521131145,2498271385
521131145,3225943844
521131145,570894360
521131145,296948453
521131145,422735903
521131145,2504922825
521131145,19571058
521131145,2323595028
521131145,2651062855
521131145,16454912
521131145,2350897340
521131145,2350801008
521131145,2351417003
521131145,2345358732
521131145,19719415
521131145,1135796731
521131145,188035808
521131145,581848355
529342153,1126969218
529342153,825994473444356096
529342153,471256187
529342153,3096969304
529342153,4344183628
529342153,18986239
529342153,1831733498
529342153,895651256
529342153,19610302
529342153,14400787
529342153,395988628
529342153,1554260346
529342153,62238917
529342153,1336458264
529342153,157937631
529342153,117793899
529342153,67506989
529342153,80701684
529342153,474775032
529342153,1024798910
529342153,837594649
529342153,61470107
529342153,250359454
529342153,930080827
529342153,153771635
529342153,18379076
529342153,86429032
529342153,716214186
529342153,485950200
529342153,329968926
529342153,95222906
529342153,781124030
529342153,613021964
529342153,431554568
529342153,541685103
529342153,359256835
529342153,453443479
529342153,288118388
529342153,453766849
546314660,1221301958843101184
546314660,1383155157001654273
546314660,1106199119498891266
546314660,1663692594
546314660,754505482350436353
546314660,4902710895
546314660,1247496334606618624
546314660,1237750666711289858
546314660,1373389059951783938
546314660,1359505061148303362
546314660,1046082238822141952
546314660,1377051824285310980
546314660,1381666607768993799
546314660,1172874736709357568
546314660,1392933492716146699
546314660,2773367377
546314660,910354970922319874
546314660,1389197153214484488
546314660,1295193509427687425
546314660,1313827203679948800
546314660,1376647436928712704
546314660,3039086517
546314660,1110493679620362240
546314660,1381296427041615876
546314660,1366872419781246976
546314660,1352938883114180611
546314660,757474818
546314660,1563575222
546314660,1353842401735938049
546314660,1372972312157360148
546314660,1357070096997511170
546314660,1076091221372596224
546314660,1252921989842571264
546314660,1350179197625520130
546314660,1350305910179078150
546314660,800039918378614784
546314660,1341019071266004992
546314660,1231408728131407872
546314660,940705470364430341
546314660,1271785749432594434
546314660,1354898882728226819
546314660,3798941897
546314660,1230631619754635264
546314660,1308062078679355393
546314660,1267587845616787456
546314660,2478842094
546314660,1046320291071348736
546314660,778632797934280704
546314660,3105645281
546314660,1966627675
604518391,890069719
604518391,295890898
604518391,190279967
604518391,19502119
604518391,323702919
604518391,23424533
604518391,1179455215
604518391,117489156
604518391,366022838
604518391,3009121256
604518391,34283109
604518391,1381894948509913091
604518391,139702966
604518391,27419528
604518391,19875511
604518391,366108799
604518391,3289810990
604518391,710984775755034624
604518391,3313360990
604518391,241269577
604518391,110753603
604518391,2664177324
604518391,259281940
604518391,327360465
604518391,19446079
604518391,311585350
604518391,1340606655558512640
604518391,1140354621942247425
604518391,1344153972
604518391,956551569612443648
604518391,778565272861020160
604518391,613476750
604518391,50008734
604518391,22756830
604518391,2574779454
604518391,722210420
604518391,1570307245
604518391,19067438
604518391,563826934
604518391,1194637344542003200
604518391,717678671423807488
604518391,16028958
604518391,954727408342589440
604518391,245590713
604518391,833866550906068992
604518391,375305234
604518391,1086427065727864833
604518391,20405295
604518391,237341484
604518391,123624629
630544784,624132703
630544784,2406831088
630544784,1095397207
630544784,1643142715
630544784,333263959
630544784,985417022
630544784,140327550
630544784,828944880
630544784,190971126
630544784,464005370
630544784,113643035
630544784,1092201559
630544784,541155651
630544784,303275166
630544784,289620775
630544784,481410994
630544784,369158149
630544784,531187775
630544784,796684862
630544784,326079797
630544784,299047488
630544784,28309574
630544784,511939871
630544784,483224224
630544784,154075465
630544784,451855929
630544784,355509073
630544784,90879936
630544784,192208041
630544784,457605907
630544784,726859860
630544784,543978207
630544784,440305198
630544784,145289501
630544784,361302385
630544784,296840314
630544784,378022243
630544784,81055038
630544784,256024669
630544784,939860034
630544784,615363795
630544784,235713337
630544784,439680557
630544784,278950639
630544784,458384362
630544784,481137386
630544784,269244937
630544784,86154364
630544784,528590318
630544784,875567048
755745950,497899308
755745950,2523336581
755745950,960326804
755745950,1017829716
755745950,860552796
755745950,739217560810475520
755745950,1129485168
755745950,908700835
755745950,2324359964
755745950,2354846106
755745950,4025025094
755745950,3311883706
755745950,3446003249
755745950,1332545996
755745950,207669910
755745950,2862822003
755745950,2501575051
755745950,2745206375
755745950,2384025086
755745950,2192393659
755745950,567052799
755745950,307962376
755745950,625875876
755745950,291009803
755745950,2314461061
755745950,1348507010
755745950,61740214
755745950,1924227302
755745950,390982825
755745950,262245183
755745950,10039282
755745950,503366726
755745950,1098625832
755745950,183960131
755745950,892775095
755745950,23235877
755745950,811599716
755745950,716364025
755745950,140018335
755745950,114219469
755745950,96091558
755745950,59515801
755745950,81370059
755745950,561836440
755745950,76017675
755745950,115622629
755745950,135543198
755745950,56829454
755745950,27670905
755745950,16743741
806660965,3386986265
806660965,1561141273
806660965,320884435
806660965,372722703
806660965,1327520250
806660965,598592418
806660965,96069810
806660965,110230887
806660965,599238879
806660965,1340133300
806660965,383390830
806660965,16721428
806660965,1229919913
806660965,494078805
806660965,1093100857
806660965,561857531
806660965,1079037248
806660965,56061667
806660965,886513975
806660965,1010903682
806660965,13412442
806660965,121940784
806660965,8997792
806660965,142638638
806660965,36413871
806660965,126646642
806660965,861484700
806660965,401460806
806660965,277371287
806660965,306111041
806660965,330206870
806660965,377210419
806660965,367106827
806660965,856364082
806660965,15016282
806660965,39052053
806660965,244441743
806660965,590363363
806660965,133215971
806660965,57057994
806660965,48317406
806660965,205804307
806660965,494205874
806660965,256910857
806660965,45099767
806660965,48717886
806660965,258704458
806660965,21854549
806660965,259543877
806660965,481528479
922305175,879579584
922305175,879647863
922305175,890489574
929410398,759003
929410398,471626922
929410398,61841071
929410398,460033669
929410398,875301782
929410398,613330987
929410398,407939638
929410398,552687301
929410398,130330111
929410398,190701320
929410398,19883876
929410398,116495299
929410398,215720129
961773920,403517638
961773920,4055774758
961773920,350668470
961773920,1480800644
961773920,47359948
961773920,437411392
961773920,1407532172
961773920,1030760510
961773920,428390750
961773920,790408026
961773920,486692662
961773920,714699740
1021876490,1036538178415611904
1021876490,426476840
1021876490,935248212528648192
1021876490,2888190393
1021876490,571225464
1021876490,903805249
1021876490,2726948745
1021876490,947666125
1021876490,380047125
1021876490,1454612545
1021876490,406509882
1021876490,607316453
1021876490,309337123
1021876490,3123358953
1021876490,356920618
1021876490,2562873434
1021876490,3394110737
1021876490,1042852430
1021876490,1647332719
1021876490,731516404265062400
1021876490,701183615653249026
1021876490,800640986
1021876490,2262684225
1021876490,3055497311
1021876490,3380427850
1021876490,144261242
1021876490,4169921939
1021876490,1488581167
1021876490,165176854
1021876490,707621072003317761
1021876490,2503765773
1021876490,3014335665
1021876490,1222880948
1021876490,2218091958
1021876490,4849887605
1021876490,711472418963988480
1021876490,378861684
1021876490,4656915862
1021876490,874235142
1021876490,857786833
1021876490,3408215177
1021876490,1563543919
1021876490,4023647992
1021876490,2494899452
1021876490,3289680455
1021876490,438396322
1021876490,418873032
1021876490,4039283121
1021876490,2254464664
1021876490,583639433
1169114810,2277559444
1169114810,3974053419
1169114810,849367591
1169114810,2792759079
1169114810,1023148279
1169114810,1068052550
1169114810,464548064
1212975186,26917714
1212975186,1324982814
1212975186,125405195
1212975186,2982436107
1212975186,756871255
1212975186,613088225
1212975186,556302870
1212975186,1682317399
1212975186,96762101
1212975186,1209052964
1212975186,280097157
1212975186,404798556
1212975186,483171845
1212975186,257242329
1212975186,528553506
1212975186,2308964216
1212975186,2324788620
1212975186,36262503
1212975186,253512467
1212975186,130451158
1212975186,295985057
1212975186,182054545
1212975186,43115008
1212975186,126421327
1212975186,972164910
1212975186,1640473520
1212975186,722401615
1212975186,732840775
1212975186,24790283
1212975186,22324642
1212975186,637338906
1212975186,199572356
1212975186,80522908
1212975186,164801473
1212975186,83910867
1212975186,776418014
1212975186,1654011289
1212975186,289456743
1212975186,292599839
1212975186,54512463
1212975186,15599371
1212975186,993962845
1212975186,398339199
1212975186,1145776784
1212975186,1274684005
1212975186,459629368
1212975186,803005974
1213937306,1883239261
1213937306,533504028
1213937306,556002705
1213937306,319293251
1213937306,1701880897
1213937306,293587374
1213937306,1372853094
1213937306,626484818
1213937306,1294056564
1213937306,705727795
1213937306,810590210
1213937306,602870041
1213937306,1310187810
1213937306,600180110
1213937306,913301455
1213937306,1288909237
1213937306,188260008
1213937306,541563827
1213937306,537106424
1213937306,997893932
1213937306,523473850
1213937306,947896436
1213937306,1088928848
1213937306,985104084
1213937306,219270736
1213937306,497940148
1213937306,750914072
1213937306,738710719
1213937306,1029266082
1213937306,1083142430
1213937306,1366781659
1213937306,944192666
1213937306,1073882977
1213937306,525468708
1213937306,614307719
1213937306,1394289852
1213937306,855930702
1213937306,772372190
1213937306,1650950814
1213937306,625581551
1213937306,2151270849
1213937306,218178172
1213937306,452217314
1213937306,1651170985
1213937306,399432506
1213937306,1129103881
1213937306,570946088
1213937306,339110180
1213937306,507726617
1213937306,500818372
